{"generation": 0, "fitness_avg": -39.99999999999993, "fitness_std": 7.105427357601002e-15, "fitness_best": -39.99999999999992, "fitness_best_val": -39.99999999999992, "n_neurons_best": 6, "n_conns_best": 21, "pop_size": 20, "n_species": 10, "time_elapsed": 2.0765535831451416, "time_elapsed_avg": 2.0765535831451416, "n_extinctions": 0}
{"generation": 0, "fitness_avg": -30.59999999999992, "fitness_std": 28.200000000000006, "fitness_best": 54.0000000000001, "fitness_best_val": 60.80000000000007, "n_neurons_best": 6, "n_conns_best": 21, "pop_size": 20, "n_species": 10, "time_elapsed": 2.676558494567871, "time_elapsed_avg": 2.676558494567871, "n_extinctions": 0}
{"generation": 1, "fitness_avg": -30.589999999999918, "fitness_std": 28.23214302882443, "fitness_best": 55.20000000000008, "fitness_best_val": 60.40000000000006, "n_neurons_best": 6, "n_conns_best": 21, "pop_size": 20, "n_species": 10, "time_elapsed": 4.138285160064697, "time_elapsed_avg": 3.407421827316284, "n_extinctions": 0}
{"generation": 2, "fitness_avg": -29.959999999999923, "fitness_std": 28.50772526877583, "fitness_best": 56.20000000000006, "fitness_best_val": 57.20000000000006, "n_neurons_best": 6, "n_conns_best": 21, "pop_size": 20, "n_species": 10, "time_elapsed": 4.448498964309692, "time_elapsed_avg": 3.7544475396474204, "n_extinctions": 0}
{"generation": 0, "fitness_avg": -39.99999999999993, "fitness_std": 7.105427357601002e-15, "fitness_best": -39.99999999999992, "fitness_best_val": -39.99999999999992, "n_neurons_best": 6, "n_conns_best": 21, "pop_size": 20, "n_species": 10, "time_elapsed": 1.539463996887207, "time_elapsed_avg": 1.539463996887207, "n_extinctions": 0}
{"generation": 0, "fitness_avg": -39.99999999999993, "fitness_std": 7.105427357601002e-15, "fitness_best": -39.99999999999992, "fitness_best_val": -39.99999999999992, "n_neurons_best": 6, "n_conns_best": 21, "pop_size": 20, "n_species": 10, "time_elapsed": 1.7498316764831543, "time_elapsed_avg": 1.7498316764831543, "n_extinctions": 0}
{"generation": 0, "fitness_avg": -39.99999999999993, "fitness_std": 7.105427357601002e-15, "fitness_best": -39.99999999999992, "fitness_best_val": -39.99999999999992, "n_neurons_best": 6, "n_conns_best": 21, "pop_size": 18, "n_species": 9, "time_elapsed": 1.4732019901275635, "time_elapsed_avg": 1.4732019901275635, "n_extinctions": 0}
{"generation": 1, "fitness_avg": -39.999999999999915, "fitness_std": 7.105427357601002e-15, "fitness_best": -39.99999999999992, "fitness_best_val": -39.99999999999992, "n_neurons_best": 6, "n_conns_best": 21, "pop_size": 18, "n_species": 9, "time_elapsed": 2.0899972915649414, "time_elapsed_avg": 1.7815996408462524, "n_extinctions": 0}
{"generation": 0, "fitness_avg": -33.899999999999935, "fitness_std": 18.29999999999998, "fitness_best": 21.000000000000007, "fitness_best_val": 18.799999999999997, "n_neurons_best": 6, "n_conns_best": 21, "pop_size": 18, "n_species": 9, "time_elapsed": 1.5507433414459229, "time_elapsed_avg": 1.5507433414459229, "n_extinctions": 0}
{"generation": 1, "fitness_avg": -33.188888888888826, "fitness_std": 19.265452351839205, "fitness_best": 21.8, "fitness_best_val": 24.000000000000014, "n_neurons_best": 6, "n_conns_best": 21, "pop_size": 19, "n_species": 9, "time_elapsed": 2.475074529647827, "time_elapsed_avg": 2.012908935546875, "n_extinctions": 0}
{"generation": 2, "fitness_avg": -31.87368421052625, "fitness_std": 19.47102684571596, "fitness_best": 20.799999999999997, "fitness_best_val": 21.400000000000006, "n_neurons_best": 6, "n_conns_best": 21, "pop_size": 19, "n_species": 9, "time_elapsed": 2.821385145187378, "time_elapsed_avg": 2.2824010054270425, "n_extinctions": 0}
